시리즈존,존전체곡수,번호,확정도,곡,판독,VOD시각
1st~ZERO,81,1,정확,디그니티 - FULL SONG -,재판독,22:40~23:12 / 26:58~27:35
1st~ZERO,81,2,정확,디그니티,재판독,22:40~23:12 / 26:58~27:35
1st~ZERO,81,3,정확,슬램,재판독,22:40~23:12 / 26:58~27:35
1st~ZERO,81,4,정확,또다른 진심,재판독,22:40~23:12 / 26:58~27:35
1st~ZERO,81,5,정확,비트 오브 더 워 2,재판독,22:40~23:12 / 26:58~27:35
1st~ZERO,81,6,정확,월광,재판독,22:40~23:12 / 26:58~27:35
1st~ZERO,81,7,정확,위치 닥터,재판독,22:40~23:12 / 26:58~27:35
1st~ZERO,81,8,정확,러브 이즈 어 데인저 존 pt.2,재판독,22:40~23:12 / 26:58~27:35
1st~ZERO,81,9,정확,팬텀,재판독,22:40~23:12 / 26:58~27:35
1st~ZERO,81,10,정확,파파 곤잘레스,재판독,22:40~23:12 / 26:58~27:35
1st~ZERO,81,11,정확,점프,재판독,22:40~23:12 / 26:58~27:35
1st~ZERO,81,12,정확,러브 이즈 어 데인저 존 2 (Try To B.P.M),재판독,22:40~23:12 / 26:58~27:35
1st~ZERO,81,13,정확,러브 이즈 어 데인저 존 pt.2 어나더,재판독,22:40~23:12 / 26:58~27:35
1st~ZERO,81,14,정확,제이 봉,재판독,22:40~23:12 / 26:58~27:35
1st~ZERO,81,15,정확,하이 바이,재판독,22:40~23:12 / 26:58~27:35
1st~ZERO,81,16,정확,무혼 2,재판독,22:40~23:12 / 26:58~27:35
1st~ZERO,81,17,정확,캐논 디,재판독,22:40~23:12 / 26:58~27:35
1st~ZERO,81,18,정확,트림 북 오브 더 워,재판독,22:40~23:12 / 26:58~27:35
1st~ZERO,81,19,정확,반야 클래식 리믹스,재판독,22:40~23:12 / 26:58~27:35
1st~ZERO,81,20,정확,반야 힙합 리믹스,재판독,22:40~23:12 / 26:58~27:35
1st~ZERO,81,21,정확,캐논 디 - FULL SONG -,재판독,22:40~23:12 / 26:58~27:35
1st~ZERO,81,22,정확,파이널 오디션 3,재판독,22:40~23:12 / 26:58~27:35
1st~ZERO,81,23,정확,태동 2,재판독,22:40~23:12 / 26:58~27:35
1st~ZERO,81,24,정확,몽키 핑거즈,재판독,22:40~23:12 / 26:58~27:35
1st~ZERO,81,25,정확,블레이징,재판독,22:40~23:12 / 26:58~27:35
1st~ZERO,81,26,정확,펌프 미 아마데우스,재판독,22:40~23:12 / 26:58~27:35
1st~ZERO,81,27,정확,엑스트림,재판독,22:40~23:12 / 26:58~27:35
1st~ZERO,81,28,정확,겟 업!,재판독,22:40~23:12 / 26:58~27:35
1st~ZERO,81,29,정확,비,재판독,22:40~23:12 / 26:58~27:35
1st~ZERO,81,30,정확,디 갱,재판독,22:40~23:12 / 26:58~27:35
1st~ZERO,81,31,정확,헬로우,재판독,22:40~23:12 / 26:58~27:35
1st~ZERO,81,32,정확,비트 오브 더 워,재판독,22:40~23:12 / 26:58~27:35
1st~ZERO,81,33,정확,컴 투 미,재판독,22:40~23:12 / 26:58~27:35
1st~ZERO,81,34,정확,닥터 엠,재판독,22:40~23:12 / 26:58~27:35
1st~ZERO,81,35,정확,엠페러,재판독,22:40~23:12 / 26:58~27:35
1st~ZERO,81,36,정확,겟 유어 그루브 온,재판독,22:40~23:12 / 26:58~27:35
1st~ZERO,81,37,정확,러브 이즈 어 데인저 존,재판독,22:40~23:12 / 26:58~27:35
1st~ZERO,81,38,정확,마리아,재판독,22:40~23:12 / 26:58~27:35
1st~ZERO,81,39,정확,미션 파서블,재판독,22:40~23:12 / 26:58~27:35
1st~ZERO,81,40,정확,마이웨이,재판독,22:40~23:12 / 26:58~27:35
1st~ZERO,81,41,정확,포인트 브레이크,재판독,22:40~23:12 / 26:58~27:35
1st~ZERO,81,42,정확,스트리트 쇼다운,재판독,22:40~23:12 / 26:58~27:35
1st~ZERO,81,43,정확,탑 시티,재판독,22:40~23:12 / 26:58~27:35
1st~ZERO,81,44,정확,윈터,재판독,22:40~23:12 / 26:58~27:35
1st~ZERO,81,45,정확,윌 오 더 위스프,재판독,22:40~23:12 / 26:58~27:35
1st~ZERO,81,46,정확,틸 디 엔드 오브 타임,재판독,22:40~23:12 / 26:58~27:35
1st~ZERO,81,47,정확,오이 오이 오이,재판독,22:40~23:12 / 26:58~27:35
1st~ZERO,81,48,정확,위 윌 밋 어게인,재판독,22:40~23:12 / 26:58~27:35
1st~ZERO,81,49,정확,미스 에스 스토리,재판독,22:40~23:12 / 26:58~27:35
1st~ZERO,81,50,정확,셋 미 업,재판독,22:40~23:12 / 26:58~27:35
1st~ZERO,81,51,정확,댄스 위드 미,재판독,22:40~23:12 / 26:58~27:35
1st~ZERO,81,52,정확,부크,재판독,22:40~23:12 / 26:58~27:35
1st~ZERO,81,53,정확,우편마차,재판독,22:40~23:12 / 26:58~27:35
1st~ZERO,81,54,정확,치킨 윙,재판독,22:40~23:12 / 26:58~27:35
1st~ZERO,81,55,정확,라젠스키 캉캉,재판독,22:40~23:12 / 26:58~27:35
1st~ZERO,81,56,정확,파이널 오디션 에피소드 1,재판독,22:40~23:12 / 26:58~27:35
1st~ZERO,81,57,정확,엑스트라 반야 리믹스,재판독,22:40~23:12 / 26:58~27:35
1st~ZERO,81,58,정확,펌프 점프,재판독,22:40~23:12 / 26:58~27:35
1st~ZERO,81,59,정확,엔,재판독,22:40~23:12 / 26:58~27:35
1st~ZERO,81,60,정확,롤링 크리스마스,재판독,22:40~23:12 / 26:58~27:35
1st~ZERO,81,61,정확,올 아이 원트 포 크리스마스,재판독,22:40~23:12 / 26:58~27:35
1st~ZERO,81,62,정확,베토벤 바이러스,재판독,22:40~23:12 / 26:58~27:35
1st~ZERO,81,63,정확,오! 로사,재판독,22:40~23:12 / 26:58~27:35
1st~ZERO,81,64,정확,첫사랑,재판독,22:40~23:12 / 26:58~27:35
1st~ZERO,81,65,정확,사랑가,재판독,22:40~23:12 / 26:58~27:35
1st~ZERO,81,66,정확,무혼,재판독,22:40~23:12 / 26:58~27:35
1st~ZERO,81,67,정확,미스터 라푸스,재판독,22:40~23:12 / 26:58~27:35
1st~ZERO,81,68,정확,파이널 오디션 2,재판독,22:40~23:12 / 26:58~27:35
1st~ZERO,81,69,정확,태동,재판독,22:40~23:12 / 26:58~27:35
1st~ZERO,81,70,정확,터키 행진곡,재판독,22:40~23:12 / 26:58~27:35
1st~ZERO,81,71,정확,님과 함께,재판독,22:40~23:12 / 26:58~27:35
1st~ZERO,81,72,정확,서울구경,재판독,22:40~23:12 / 26:58~27:35
1st~ZERO,81,73,정확,악몽,재판독,22:40~23:12 / 26:58~27:35
1st~ZERO,81,74,정확,눈을 감아,재판독,22:40~23:12 / 26:58~27:35
1st~ZERO,81,75,정확,프리 스타일,재판독,22:40~23:12 / 26:58~27:35
1st~ZERO,81,76,정확,미드나잇 블루,재판독,22:40~23:12 / 26:58~27:35
1st~ZERO,81,77,정확,그녀는 피자를 좋아해,재판독,22:40~23:12 / 26:58~27:35
1st~ZERO,81,78,정확,펌핑업,재판독,22:40~23:12 / 26:58~27:35
1st~ZERO,81,79,정확,파이널 오디션,재판독,22:40~23:12 / 26:58~27:35
1st~ZERO,81,80,정확,엑스트라바간자,재판독,22:40~23:12 / 26:58~27:35
1st~ZERO,81,81,정확,리피토먼트 리믹스,재판독,22:40~23:12 / 26:58~27:35
NX~NXA,43,1,정확,블레이즈 이모션,재판독,13:52
NX~NXA,43,2,정확,캐논 X.1,재판독,13:51
NX~NXA,43,3,정확,젓가락 변주곡,재판독,13:51
NX~NXA,43,4,정확,사람들은 몰랐다네,재판독,13:53
NX~NXA,43,5,정확,디제이 오타다,재판독,13:54
NX~NXA,43,6,정확,케이.오.에이 : 엘리스 인 원더월드,재판독,13:55
NX~NXA,43,7,정확,마이 드림즈,재판독,13:57
NX~NXA,43,8,정확,토카타,재판독,13:58
NX~NXA,43,9,정확,파이널 오디션 에피소드 2-X,재판독,13:59
NX~NXA,43,10,정확,사람들은 펌핑업을 몰랐다네,재판독,14:00
NX~NXA,43,11,정확,미운 오리 토카타,재판독,14:01
NX~NXA,43,12,정확,카프리스 오브 디제이 오타다,재판독,14:02
NX~NXA,43,13,정확,닥터 케이오에이,재판독,14:03
NX~NXA,43,14,정확,터키 바이러스,재판독,14:04
NX~NXA,43,15,정확,젓가락 변주곡 - FULL SONG -,재판독,14:05
NX~NXA,43,16,정확,펌트리스 8비트 ver.,재판독,14:06
NX~NXA,43,17,정확,무혼 1.5,재판독,14:07
NX~NXA,43,18,정확,비트 더 고스트,재판독,14:08
NX~NXA,43,19,정확,카프리스 오브 오타다,재판독,14:09
NX~NXA,43,20,정확,머니,재판독,14:09
NX~NXA,43,21,정확,몽키 핑거즈 2,재판독,14:11
NX~NXA,43,22,정확,패스터 Z,재판독,14:11
NX~NXA,43,23,정확,펌트리스 꽈뜨로,재판독,14:12
NX~NXA,43,24,정확,기타 맨,재판독,14:13
NX~NXA,43,25,정확,히글디 피글디,재판독,14:14
NX~NXA,43,26,정확,잼 오 비트,재판독,14:15
NX~NXA,43,27,정확,반야-P 기타 리믹스,재판독,14:16
NX~NXA,43,28,정확,머니 핑거즈,재판독,14:17
NX~NXA,43,29,정확,위치 닥터 #1,재판독,14:18
NX~NXA,43,30,정확,아크 오브 다크니스,재판독,14:19
NX~NXA,43,31,정확,키메라,재판독,14:21
NX~NXA,43,32,정확,사랑가 2006,재판독,14:22
NX~NXA,43,33,정확,두 유 노우 댓-올드 스쿨,재판독,14:23
NX~NXA,43,34,정확,건락,재판독,14:24
NX~NXA,43,35,정확,투우사의 노래,재판독,14:25
NX~NXA,43,36,정확,미운 오리 새끼,재판독,14:26
NX~NXA,43,37,정확,파이널 오디션 에피소드 2-1,재판독,14:27
NX~NXA,43,38,정확,파이널 오디션 에피소드 2-2,재판독,14:28
NX~NXA,43,39,정확,위엑닥바,재판독,14:29
NX~NXA,43,40,정확,비메라,재판독,14:30
NX~NXA,43,41,정확,반야-P 클래식 리믹스,재판독,14:31
NX~NXA,43,42,정확,러브 이즈 어 데인저 존 2 - FULL SONG -,재판독,13:51
NX~NXA,43,43,정확,비트 오브 더 워 2 - FULL SONG -,재판독,13:51
FIESTA~FIESTA 2,105,1,정확,엘리제,재판독,14:39
FIESTA~FIESTA 2,105,2,정확,이그니스 패터스(DM Ashura 믹스),재판독,14:40
FIESTA~FIESTA 2,105,3,정확,러브 이즈 어 데인저 존(Cranky 믹스),재판독,14:41
FIESTA~FIESTA 2,105,4,정확,힙노시스(SynthWulf 믹스),재판독,14:42
FIESTA~FIESTA 2,105,5,정확,에프 에프 에프,재판독,14:43
FIESTA~FIESTA 2,105,6,정확,유니크,재판독,14:44
FIESTA~FIESTA 2,105,7,정확,엑시던트,재판독,14:44.5
FIESTA~FIESTA 2,105,8,정확,디,재판독,14:45.5
FIESTA~FIESTA 2,105,9,정확,유 갓 미 락킹,재판독,14:45.5
FIESTA~FIESTA 2,105,10,정확,루시드(PIU Edit),재판독,14:46.5
FIESTA~FIESTA 2,105,11,정확,로그인,재판독,14:46.5
FIESTA~FIESTA 2,105,12,정확,윈드밀,재판독,14:47.5
FIESTA~FIESTA 2,105,13,정확,팔로우 미,재판독,14:48.5
FIESTA~FIESTA 2,105,14,정확,여래아,재판독,14:50
FIESTA~FIESTA 2,105,15,정확,멘탈 라이더,재판독,14:51
FIESTA~FIESTA 2,105,16,정확,와라유도인?,재판독,14:52
FIESTA~FIESTA 2,105,17,정확,이그니스 패터스(DM Ashura 믹스) - SHORT CUT -,재판독,14:53
FIESTA~FIESTA 2,105,18,정확,에프 에프 에프 - SHORT CUT -,재판독,14:54
FIESTA~FIESTA 2,105,19,정확,유니크 - SHORT CUT -,재판독,14:55
FIESTA~FIESTA 2,105,20,정확,유 갓 미 락킹 - SHORT CUT -,재판독,14:56
FIESTA~FIESTA 2,105,21,정확,클리너,재판독,14:57.5
FIESTA~FIESTA 2,105,22,정확,인터퍼런스,재판독,14:58.5
FIESTA~FIESTA 2,105,23,정확,리얼리티,재판독,14:59.5
FIESTA~FIESTA 2,105,24,정확,테이크 아웃,재판독,18:13
FIESTA~FIESTA 2,105,25,정확,버터플라이,재판독,18:14
FIESTA~FIESTA 2,105,26,정확,오버블로우,재판독,18:15
FIESTA~FIESTA 2,105,27,정확,위 갓 투 노우,재판독,18:16
FIESTA~FIESTA 2,105,28,정확,헝가리 무곡 V,재판독,18:17
FIESTA~FIESTA 2,105,29,정확,마왕,재판독,18:18
FIESTA~FIESTA 2,105,30,정확,네이티브,재판독,18:19
FIESTA~FIESTA 2,105,31,정확,진공 청소기,재판독,18:20
FIESTA~FIESTA 2,105,32,정확,에브리바디 갓 투 노우,재판독,18:21
FIESTA~FIESTA 2,105,33,정확,인터퍼런스 - FULL SONG -,재판독,18:22
FIESTA~FIESTA 2,105,34,정확,트롯프리스 - SHORT CUT -,재판독,18:23
FIESTA~FIESTA 2,105,35,정확,클리너 - SHORT CUT -,재판독,18:24
FIESTA~FIESTA 2,105,36,정확,테이크 아웃 - SHORT CUT -,재판독,18:25
FIESTA~FIESTA 2,105,37,정확,오버블로우 - SHORT CUT -,재판독,18:26
FIESTA~FIESTA 2,105,38,정확,야근,재판독,18:27
FIESTA~FIESTA 2,105,39,정확,파반느,재판독,18:28
FIESTA~FIESTA 2,105,40,정확,잣,재판독,18:29
FIESTA~FIESTA 2,105,41,정확,ㅁㄴㅇㄹ,재판독,18:30
FIESTA~FIESTA 2,105,42,정확,조나단의 꿈,재판독,18:31
FIESTA~FIESTA 2,105,43,정확,엑스트리,재판독,18:32
FIESTA~FIESTA 2,105,44,정확,소서리스 엘리제,재판독,18:33
FIESTA~FIESTA 2,105,45,정확,사랑가 -2막-,재판독,18:33
FIESTA~FIESTA 2,105,46,정확,유 갓 투 노우,재판독,18:34
FIESTA~FIESTA 2,105,47,정확,데스티네이션,재판독,18:35
FIESTA~FIESTA 2,105,48,정확,진공,재판독,18:36
FIESTA~FIESTA 2,105,49,정확,두 잇 레게 스타일,재판독,18:37
FIESTA~FIESTA 2,105,50,정확,제네시스,재판독,18:38
FIESTA~FIESTA 2,105,51,정확,아리랑,재판독,18:39
FIESTA~FIESTA 2,105,52,정확,테크 -클럽 코펜하겐-,재판독,18:40
FIESTA~FIESTA 2,105,53,정확,안녕 윌리엄,재판독,18:41
FIESTA~FIESTA 2,105,54,정확,터키 행진곡 -미니멀튠즈-,재판독,18:41
FIESTA~FIESTA 2,105,55,정확,겟 업 (앤 고),재판독,18:42
FIESTA~FIESTA 2,105,56,정확,팬텀 -인터메조-,재판독,18:43
FIESTA~FIESTA 2,105,57,정확,미션 파서블 -블로우 백-,재판독,18:44
FIESTA~FIESTA 2,105,58,정확,펌핑 점핑,재판독,18:45
FIESTA~FIESTA 2,105,59,정확,반야 프로덕션 클래식 리믹스,재판독,18:46
FIESTA~FIESTA 2,105,60,정확,파파 헬로이징,재판독,18:47
FIESTA~FIESTA 2,105,61,정확,반야 프로덕션 클래식 리믹스 2,재판독,18:47
FIESTA~FIESTA 2,105,62,정확,셋업 미투 믹스,재판독,18:48
FIESTA~FIESTA 2,105,63,정확,엠.에스.군 리믹스 파트.6,재판독,18:49
FIESTA~FIESTA 2,105,64,정확,파이널 오디션 2 - SHORT CUT -,재판독,18:50
FIESTA~FIESTA 2,105,65,정확,파이널 오디션 3 - SHORT CUT -,재판독,18:51
FIESTA~FIESTA 2,105,66,정확,파이널 오디션 에피소드 2-X - SHORT CUT -,재판독,18:52
FIESTA~FIESTA 2,105,67,정확,러브 이즈 어 데인저 존 - SHORT CUT -,재판독,18:53
FIESTA~FIESTA 2,105,68,정확,러브 이즈 어 데인저 존 pt.2 - SHORT CUT -,재판독,18:54
FIESTA~FIESTA 2,105,69,정확,엑스트라바간자 - SHORT CUT -,재판독,18:55
FIESTA~FIESTA 2,105,70,정확,치킨 윙 - SHORT CUT -,재판독,18:56
FIESTA~FIESTA 2,105,71,정확,윈터 - SHORT CUT -,재판독,18:57
FIESTA~FIESTA 2,105,72,정확,무혼 2 - SHORT CUT -,재판독,18:58
FIESTA~FIESTA 2,105,73,정확,월광 - SHORT CUT -,재판독,18:59
FIESTA~FIESTA 2,105,74,정확,위치 닥터 - SHORT CUT -,재판독,18:59
FIESTA~FIESTA 2,105,75,정확,익시드2 오프닝 - SHORT CUT -,재판독,19:00
FIESTA~FIESTA 2,105,76,정확,NX 오프닝 - SHORT CUT -,재판독,19:01
FIESTA~FIESTA 2,105,77,정확,케이.오.에이 : 엘리스 인 원더월드 - SHORT CUT -,재판독,19:02
FIESTA~FIESTA 2,105,78,정확,비메라 - SHORT CUT -,재판독,19:03
FIESTA~FIESTA 2,105,79,정확,펌트리스 8비트 ver. - SHORT CUT -,재판독,19:04
FIESTA~FIESTA 2,105,80,정확,데스티네이션 - SHORT CUT -,재판독,19:05
FIESTA~FIESTA 2,105,81,정확,테프리스,재판독,19:06
FIESTA~FIESTA 2,105,82,정확,네이팜,재판독,19:07
FIESTA~FIESTA 2,105,83,정확,드림 투 나이트메어,재판독,22:12
FIESTA~FIESTA 2,105,84,정확,VVV,재판독,22:13
FIESTA~FIESTA 2,105,85,정확,팝 더 트랙,재판독,22:14
FIESTA~FIESTA 2,105,86,정확,파사칼리아,재판독,22:15
FIESTA~FIESTA 2,105,87,정확,바로크 바이러스,재판독,22:16
FIESTA~FIESTA 2,105,88,정확,인피니티 리믹스,재판독,22:17
FIESTA~FIESTA 2,105,89,정확,팝 더 트랙 - SHORT CUT -,재판독,22:18
FIESTA~FIESTA 2,105,90,정확,파사칼리아 - SHORT CUT -,재판독,22:19
FIESTA~FIESTA 2,105,91,정확,모노리스,재판독,22:20
FIESTA~FIESTA 2,105,92,정확,레이디버그,재판독,22:21
FIESTA~FIESTA 2,105,93,정확,키티 캣,재판독,22:22
FIESTA~FIESTA 2,105,94,정확,하드코어 오브 더 노스,재판독,22:23
FIESTA~FIESTA 2,105,95,정확,트라이브 어택커,재판독,22:24
FIESTA~FIESTA 2,105,96,정확,유토피아,재판독,22:25
FIESTA~FIESTA 2,105,97,정확,슈샤,재판독,22:26
FIESTA~FIESTA 2,105,98,정확,스타 커맨드,재판독,22:27
FIESTA~FIESTA 2,105,99,정확,왓 해픈드,재판독,22:28
FIESTA~FIESTA 2,105,100,정확,가고일,재판독,22:30
FIESTA~FIESTA 2,105,101,정확,알레그로 콘 뿌오코,재판독,22:34
FIESTA~FIESTA 2,105,102,정확,엑스 레이브,재판독,22:34
FIESTA~FIESTA 2,105,103,정확,스멜스 라이크 어 초콜릿,재판독,22:35
FIESTA~FIESTA 2,105,104,정확,네크로맨시,재판독,18:09
FIESTA~FIESTA 2,105,105,정확,엑스 레이브 - SHORT CUT -,재판독,18:09
PRIME,76,1,정확,네메시스,재판독,30:51
PRIME,76,2,정확,캇코이,재판독,30:52
PRIME,76,3,정확,라티노 바이러스,재판독,30:53
PRIME,76,4,정확,엘리시움,재판독,30:52
PRIME,76,5,정확,요그 소토스,재판독,30:53
PRIME,76,6,정확,실루엣 이펙트,재판독,30:54
PRIME,76,7,정확,차이니즈 레스토랑,재판독,30:54
PRIME,76,8,정확,아발란치,재판독,30:55
PRIME,76,9,정확,포스 오브 라,재판독,30:55
PRIME,76,10,정확,레퀴엠,재판독,30:56
PRIME,76,11,정확,유 갓 미 크레이지,재판독,30:57
PRIME,76,12,정확,B2,재판독,30:57
PRIME,76,13,정확,메테오라이즈,재판독,30:58
PRIME,76,14,정확,매드 사이언스,재판독,30:59
PRIME,76,15,정확,헤스티아,재판독,30:59
PRIME,76,16,정확,암피트리온,재판독,31:00
PRIME,76,17,정확,리키지 볼티지,재판독,31:00
PRIME,76,18,정확,리무버블 디스코,재판독,31:01
PRIME,76,19,정확,슈퍼 판타지,재판독,31:02
PRIME,76,20,정확,바이올렛 퍼퓸,재판독,31:02
PRIME,76,21,정확,레드 스완,재판독,31:03
PRIME,76,22,정확,히아신스,재판독,31:04
PRIME,76,23,정확,블레이즈 이모션 (Band version),재판독,31:04
PRIME,76,24,정확,1950,재판독,31:05
PRIME,76,25,정확,설탕음모론,재판독,31:05
PRIME,76,26,정확,알레그로 피유 모쏘,재판독,31:06
PRIME,76,27,정확,어나이얼레이터 메소드,재판독,31:07
PRIME,76,28,정확,무브 댓 바디!,재판독,31:07
PRIME,76,29,정확,스콜피온 킹,재판독,31:08
PRIME,76,30,정확,포인트 제로 원,재판독,31:08
PRIME,76,31,정확,레드 스노우,재판독,31:09
PRIME,76,32,정확,캄파넬라,재판독,31:09
PRIME,76,33,정확,유 어게인 마이 러브,재판독,31:10
PRIME,76,34,정확,로봇 배틀,재판독,31:11
PRIME,76,35,정확,레미니센스,재판독,31:11
PRIME,76,36,정확,모멘트 데이,재판독,31:12
PRIME,76,37,정확,브레이크 잇 다운,재판독,31:12
PRIME,76,38,정확,하이퍼큐브,재판독,31:13
PRIME,76,39,정확,라이크 미,재판독,31:14
PRIME,76,40,정확,베토벤 인플루엔자,재판독,36:09
PRIME,76,41,정확,아발란퀴엠,재판독,36:08
PRIME,76,42,정확,패러독스,재판독,36:08
PRIME,76,43,정확,무브 댓 바디! - FULL SONG -,재판독,36:07
PRIME,76,44,정확,슈퍼 판타지 - SHORT CUT -,재판독,31:14
PRIME,76,45,정확,요그 소토스 - SHORT CUT -,재판독,31:15
PRIME,76,46,정확,실루엣 이펙트 - SHORT CUT -,재판독,31:15
PRIME,76,47,정확,무브 댓 바디! - SHORT CUT -,재판독,31:16
PRIME,76,48,정확,프라임 오프닝 - SHORT CUT -,재판독,31:16
PRIME,76,49,정확,락 더 하우스,재판독,31:17
PRIME,76,50,정확,더 레볼루션,재판독,31:18
PRIME,76,51,정확,셀피쉬니스,재판독,31:18
PRIME,76,52,정확,코스미컬 리듬,재판독,31:19
PRIME,76,53,정확,돌리 키스,재판독,31:19
PRIME,76,54,정확,마타도르,재판독,31:20
PRIME,76,55,정확,밀키 웨이 갤럭시,재판독,31:20
PRIME,76,56,정확,필 마이 해피니스,재판독,31:21
PRIME,76,57,정확,라그나로크,재판독,31:22
PRIME,76,58,정확,아클루오이아스,재판독,31:22
PRIME,76,59,정확,까랴위사따,재판독,31:23
PRIME,76,60,정확,비디오 아웃 씨,재판독,31:23
PRIME,76,61,정확,스타더스트 오버드라이브,재판독,31:24
PRIME,76,62,정확,아마이 유우와쿠 데인저러스,재판독,31:24
PRIME,76,63,정확,요로피쿠 피쿠요로!,재판독,31:25
PRIME,76,64,정확,임프린팅,재판독,31:25
PRIME,76,65,정확,서든 로맨스 [PIU Edit],재판독,31:26
PRIME,76,66,정확,미토츠다이라,재판독,31:27
PRIME,76,67,정확,스마일 다이어리,재판독,31:27
PRIME,76,68,정확,배드 애플!! feat. Nomico,재판독,31:28
PRIME,76,69,정확,프라임,재판독,31:28
PRIME,76,70,정확,퀸 오브 더 레드,재판독,31:29
PRIME,76,71,정확,아이디얼라이즈드 로맨스,재판독,31:30
PRIME,76,72,정확,저스트 홀드 온 (To All Fighters),재판독,31:30
PRIME,76,73,정확,배드 애플!! feat. Nomico - FULL SONG -,재판독,35:45
PRIME,76,74,정확,셀피쉬니스 - SHORT CUT -,재판독,31:31
PRIME,76,75,정확,락 더 하우스 - SHORT CUT -,재판독,31:31
PRIME,76,76,정확,스타더스트 오버드라이브 - SHORT CUT -,재판독,31:32
PRIME 2,73,1,정확,체이스 미,재판독,39:54
PRIME 2,73,2,정확,굿 나이트,재판독,39:53
PRIME 2,73,3,정확,체이스 미 - FULL SONG -,재판독,39:53
PRIME 2,73,4,정확,라스트 리버스,재판독,39:54
PRIME 2,73,5,정확,슈퍼 카프리시오,재판독,39:55
PRIME 2,73,6,정확,헬파이어,재판독,39:56
PRIME 2,73,7,정확,트리튬,재판독,39:56
PRIME 2,73,8,정확,크로스 오버 feat. LyuU,재판독,39:57
PRIME 2,73,9,정확,갓 모드 feat. skizzo,재판독,39:58
PRIME 2,73,10,정확,슈브 니구라스,재판독,39:59
PRIME 2,73,11,정확,퍼더,재판독,40:00
PRIME 2,73,12,정확,다람쥐 헌 쳇바퀴에 타고파,재판독,40:01
PRIME 2,73,13,정확,실버 비트 feat. ChisaUezono,재판독,40:02
PRIME 2,73,14,정확,브링 백 더 비트,재판독,40:02
PRIME 2,73,15,정확,브레이크 아웃,재판독,40:03
PRIME 2,73,16,정확,사라반드,재판독,40:04
PRIME 2,73,17,정확,가장신자,재판독,40:05
PRIME 2,73,18,정확,오버블로우2,재판독,40:06
PRIME 2,73,19,정확,패싱 라이더,재판독,40:07
PRIME 2,73,20,정확,아르카나 포스,재판독,40:07
PRIME 2,73,21,정확,알레그로 퓨리오소,재판독,40:08
PRIME 2,73,22,정확,앵귀시드 언메이킹,재판독,40:09
PRIME 2,73,23,정확,우츠시요 노 카제 feat. Kana,재판독,40:10
PRIME 2,73,24,정확,헤이 유,재판독,40:10
PRIME 2,73,25,정확,트위스트 오브 페이트 (feat. Ruriling),재판독,40:11
PRIME 2,73,26,정확,HTTP,재판독,40:12
PRIME 2,73,27,정확,업 앤 업 (Produced by AWAL),재판독,40:13
PRIME 2,73,28,정확,트래블 투 퓨처,재판독,40:14
PRIME 2,73,29,정확,레이브 언틸 디 어스 엔드,재판독,40:14
PRIME 2,73,30,정확,어웨이크닝,재판독,40:15
PRIME 2,73,31,정확,이스케이프,재판독,40:16
PRIME 2,73,32,정확,왈츠 오브 도지,재판독,40:17
PRIME 2,73,33,정확,하트 어택,재판독,40:18
PRIME 2,73,34,정확,불카누스,재판독,40:19
PRIME 2,73,35,정확,슈브 소토스,재판독,40:20
PRIME 2,73,36,정확,리더,재판독,40:20
PRIME 2,73,37,정확,사라반드 - SHORT CUT -,재판독,40:22
PRIME 2,73,38,정확,프라임2 오프닝 - SHORT CUT -,재판독,40:22
PRIME 2,73,39,정확,슈브 니구라스 - SHORT CUT -,재판독,40:23
PRIME 2,73,40,정확,가장신자 - SHORT CUT -,재판독,40:23
PRIME 2,73,41,정확,스텝,재판독,40:24
PRIME 2,73,42,정확,꺼림칙한,재판독,40:25
PRIME 2,73,43,정확,허쉬,재판독,40:26
PRIME 2,73,44,정확,폴른 엔젤,재판독,40:26
PRIME 2,73,45,정확,가고일 - FULL SONG -,재판독,40:27
PRIME 2,73,46,정확,허쉬 - FULL SONG -,재판독,40:28
PRIME 2,73,47,정확,V3,재판독,40:29
PRIME 2,73,48,정확,크로스 타임,재판독,40:29
PRIME 2,73,49,정확,유령의 축제 2 (Sneak),재판독,40:30
PRIME 2,73,50,정확,헬릭스,재판독,40:31
PRIME 2,73,51,정확,히페리온,재판독,40:32
PRIME 2,73,52,정확,블랙 드래곤,재판독,40:32
PRIME 2,73,53,정확,BS파워 익스플로전,재판독,40:33
PRIME 2,73,54,정확,스타트 온 레드,재판독,40:34
PRIME 2,73,55,정확,타임 어택 <블루>,재판독,40:35
PRIME 2,73,56,정확,매지컬 베케이션,재판독,40:35
PRIME 2,73,57,정확,비주얼 드림 2 (인 픽션),재판독,40:36
PRIME 2,73,58,정확,사월,재판독,40:37
PRIME 2,73,59,정확,슈퍼 스타일린,재판독,40:37
PRIME 2,73,60,정확,크리스마스의 기억,재판독,40:38
PRIME 2,73,61,정확,킵 온!,재판독,40:39
PRIME 2,73,62,정확,아스테리오스 -리엔트리-,재판독,40:40
PRIME 2,73,63,정확,라 그랑 블루,재판독,40:40
PRIME 2,73,64,정확,인피니티,재판독,40:41
PRIME 2,73,65,정확,고딕 레조넌스,재판독,40:42
PRIME 2,73,66,정확,베들램,재판독,40:43
PRIME 2,73,67,정확,어 사이트 데 라 루,재판독,40:43
PRIME 2,73,68,정확,클루,재판독,40:44
PRIME 2,73,69,정확,레드라인,재판독,40:45
PRIME 2,73,70,정확,킬 뎀!,재판독,40:45
PRIME 2,73,71,정확,도나텔로,재판독,40:46
PRIME 2,73,72,정확,사월 - SHORT CUT -,재판독,40:47
PRIME 2,73,73,정확,히페리온 - SHORT CUT -,재판독,40:47
XX,109,1,정확,조깅,재판독,49:03
XX,109,2,정확,풀 문,재판독,49:03.8
XX,109,3,정확,타이밍,재판독,49:03.8
XX,109,4,정확,날아올라,재판독,49:04
XX,109,5,정확,유 앤 아이,재판독,49:04
XX,109,6,정확,굿 나이트 - FULL SONG -,재판독,45:06
XX,109,7,정확,풀 문 - FULL SONG -,재판독,45:07
XX,109,8,정확,웨딩 크래셔,재판독,49:04.2
XX,109,9,정확,스위트로닉,재판독,49:04.2
XX,109,10,정확,오블리터레이션,재판독,49:04.8
XX,109,11,정확,트란사칼리아,재판독,49:04.8
XX,109,12,정확,1949,재판독,49:04.8
XX,109,13,정확,야누스,재판독,49:05
XX,109,14,정확,아이 원트 유,재판독,49:05.2
XX,109,15,정확,디스트릭트 1,재판독,49:05
XX,109,16,정확,슈가 플럼,재판독,49:05.2
XX,109,17,정확,텔링 포츈 플라워,재판독,49:05.5
XX,109,18,정확,니알라토텝,재판독,49:05.2
XX,109,19,정확,하트 래빗 코스터,재판독,49:05.5
XX,109,20,정확,립톤 스트라이크,재판독,49:06.2
XX,109,21,정확,스켑틱,재판독,49:06.5
XX,109,22,정확,아이올라이트 스카이,재판독,49:06.8
XX,109,23,정확,퍼센트 엑스,재판독,49:07
XX,109,24,정확,금혼식,재판독,49:07.2
XX,109,25,정확,라 그랑드 루즈,재판독,49:07.2
XX,109,26,정확,까르멘 버스,재판독,49:07
XX,109,27,정확,마카롱 데이,재판독,49:07.5
XX,109,28,정확,아이스 오브 데스,재판독,49:07.5
XX,109,29,정확,포세이돈,재판독,49:07.8
XX,109,30,정확,아드레날린 블래스터,재판독,49:08
XX,109,31,정확,배니쉬,재판독,49:07.8
XX,109,32,정확,테일즈 오브 펌프니아,재판독,49:07.8
XX,109,33,정확,김치 핑거즈,재판독,49:08
XX,109,34,정확,오르비트 스테빌라이저,재판독,49:08.5
XX,109,35,정확,파괴,재판독,49:08.5
XX,109,36,정확,클레마티스 랩소디아,재판독,49:09.2
XX,109,37,정확,위키드 레전드,재판독,49:09.5
XX,109,38,정확,탄탄멘,재판독,49:10.2
XX,109,39,정확,스타드림 (feat. Romelon),재판독,49:10.2
XX,109,40,정확,캉-캉 ~Orpheus in The Party Mix~,재판독,49:11
XX,109,41,정확,파파시토 (feat. KuTiNA),재판독,49:12
XX,109,42,정확,파이어 오브 데스티니,재판독,49:11
XX,109,43,정확,디 엔드 오브 더 월드 ft. Skizzo,재판독,49:12
XX,109,44,정확,포가튼 뱀파이어,재판독,49:13
XX,109,45,정확,아마겟돈,재판독,49:14
XX,109,46,정확,리펜턴스,재판독,49:15
XX,109,47,정확,더 레버리,재판독,49:16
XX,109,48,정확,시그너스,재판독,49:17
XX,109,49,정확,트로피카닉,재판독,49:18
XX,109,50,정확,패러독스 - SHORT CUT -,재판독,49:19
XX,109,51,정확,하늘다람쥐,재판독,49:19
XX,109,52,정확,파파시토 (feat. KuTiNA) - FULL SONG -,재판독,디시 펌프갤 제보 2026-08-05
XX,109,53,정확,데사파레세르,재판독,49:20
XX,109,54,정확,에러코드: 0,재판독,49:21
XX,109,55,정확,메테오 사이언스 (GADGET mix),재판독,49:22
XX,109,56,정확,파이어 누들 챌린지,재판독,49:22
XX,109,57,정확,니알라토텝 - SHORT CUT -,재판독,49:23
XX,109,58,정확,웨딩 크래셔 - SHORT CUT -,재판독,49:24
XX,109,59,정확,캉-캉 ~Orpheus in The Party Mix~ - SHORT CUT -,재판독,49:25
XX,109,60,정확,XX 오프닝 - SHORT CUT -,재판독,49:25
XX,109,61,정확,아이 원트 유 - SHORT CUT -,재판독,49:26
XX,109,62,정확,포세이돈 - SHORT CUT -,재판독,49:27
XX,109,63,정확,스위트로닉 - SHORT CUT -,재판독,49:28
XX,109,64,정확,갓 모드 2.0 feat. Skizzo,재판독,49:29
XX,109,65,정확,슬랩스틱 파르페,재판독,49:29
XX,109,66,정확,페이브 가든,재판독,49:30
XX,109,67,정확,팝 시퀀스,재판독,49:31
XX,109,68,정확,크로싱 델타,재판독,49:32
XX,109,69,정확,클럽 나이트,재판독,49:32
XX,109,70,정확,인디스트럭터블,재판독,49:33
XX,109,71,정확,8 6,재판독,49:34
XX,109,72,정확,크로스 소울,재판독,49:35
XX,109,73,정확,브로큰 카르마 (PIU EDIT),재판독,49:35
XX,109,74,정확,천년이 지나서,재판독,49:36
XX,109,75,정확,라라,재판독,49:37
XX,109,76,정확,프렌드,재판독,49:38
XX,109,77,정확,컨플릭트,재판독,49:38
XX,109,78,정확,데인저 & 데인저,재판독,49:39
XX,109,79,정확,니힐리즘 - 어나더 버전 -,재판독,49:40
XX,109,80,정확,"팔랑크스 ""RS2018 edit""",재판독,49:41
XX,109,81,정확,포인트 제로 2,재판독,49:41
XX,109,82,정확,브레인 파워,재판독,49:42
XX,109,83,정확,라이프 이즈 피아노,재판독,49:43
XX,109,84,정확,글로리아,재판독,49:43
XX,109,85,정확,모페모페,재판독,49:44
XX,109,86,정확,Re : 엔드 오브 어 드림,재판독,49:45
XX,109,87,정확,크로스 레이 (feat. 月下Lia),재판독,49:46
XX,109,88,정확,알레그로 콘 뿌오코 - FULL SONG -,재판독,디시 펌프갤 제보 2026-08-05
XX,109,89,정확,프라임 타임,재판독,49:46
XX,109,90,정확,8 6 - FULL SONG -,재판독,디시 펌프갤 제보 2026-08-05
XX,109,91,정확,바로크 바이러스 - FULL SONG -,재판독,디시 펌프갤 제보 2026-08-05
XX,109,92,정확,얼티메이텀,재판독,49:47
XX,109,93,정확,시간의 회랑 라비린스,재판독,49:48
XX,109,94,정확,이미지네이션,재판독,49:48
XX,109,95,정확,블랙스완,재판독,49:49
XX,109,96,정확,오벨리스크,재판독,53:10
XX,109,97,정확,레이지 오브 파이어,재판독,53:09
XX,109,98,정확,듀얼 레이싱 <레드 vs 블루>,재판독,53:08
XX,109,99,정확,싸이클링!,재판독,53:07
XX,109,100,정확,우라늄,재판독,53:06
XX,109,101,정확,제로아이즈,재판독,53:05
XX,109,102,정확,라이징 스타,재판독,53:04
XX,109,103,정확,일 더하기 일은 귀요미,재판독,53:03
XX,109,104,정확,헤드리스 치킨,재판독,53:02
XX,109,105,정확,오버 더 호라이즌,재판독,53:01
XX,109,106,정확,로키,재판독,53:01
XX,109,107,정확,디멘트 ~에프터 레전드~,재판독,53:00
XX,109,108,정확,하우스플랜,재판독,49:02
XX,109,109,정확,유어 마인드,재판독,49:02
PHOENIX,132,1,정확,스톰,재판독,53:17
PHOENIX,132,2,정확,비행기,재판독,53:18
PHOENIX,132,3,정확,노스텔지어,재판독,53:18
PHOENIX,132,4,정확,사월의 축제,재판독,53:17
PHOENIX,132,5,정확,ESP,재판독,53:18
PHOENIX,132,6,정확,하이웨이 체이서,재판독,53:19
PHOENIX,132,7,정확,이터널 유니버스,재판독,53:20
PHOENIX,132,8,정확,번 아웃,재판독,53:21
PHOENIX,132,9,정확,4NT,재판독,53:22
PHOENIX,132,10,정확,얼티밋 아이즈,재판독,53:23
PHOENIX,132,11,정확,냥-턴 (feat. KuTiNA),재판독,53:24
PHOENIX,132,12,정확,벡터,재판독,53:25
PHOENIX,132,13,정확,베르사이유,재판독,53:26
PHOENIX,132,14,정확,더 아포칼립스,재판독,53:27
PHOENIX,132,15,정확,쇼다운,재판독,53:28
PHOENIX,132,16,정확,붐!!,재판독,53:29
PHOENIX,132,17,정확,유포리아닉,재판독,53:30
PHOENIX,132,18,정확,할로윈 파티 ~Multiverse~,재판독,53:31
PHOENIX,132,19,정확,쥬핀,재판독,53:32
PHOENIX,132,20,정확,그로스,재판독,53:33
PHOENIX,132,21,정확,꼭두각시,재판독,53:34
PHOENIX,132,22,정확,플레이버 스텝!,재판독,53:35
PHOENIX,132,23,정확,데드 엔드,재판독,53:36
PHOENIX,132,24,정확,루시드 드림,재판독,53:37
PHOENIX,132,25,정확,시,재판독,53:37
PHOENIX,132,26,정확,추격,재판독,53:38
PHOENIX,132,27,정확,스타드림 -Eurobeat Remix-,재판독,53:39
PHOENIX,132,28,정확,1948,재판독,53:40
PHOENIX,132,29,정확,결투,재판독,53:41
PHOENIX,132,30,정확,배니쉬 2 - Roar of the invisible dragon,재판독,53:42
PHOENIX,132,31,정확,라크리모사,재판독,53:43
PHOENIX,132,32,정확,솔페지에토,재판독,53:44
PHOENIX,132,33,정확,머독,재판독,53:45
PHOENIX,132,34,정확,리틀 먼치킨,재판독,53:45
PHOENIX,132,35,정확,"사이먼 세이즈, 유로댄스!! (feat. Sara☆M)",재판독,53:46
PHOENIX,132,36,정확,바버스 매드니스,재판독,53:47
PHOENIX,132,37,정확,요! 세이!! 페어리!!!,재판독,53:48
PHOENIX,132,38,정확,피가로의 결혼 ~Celebrazione Remix~,재판독,53:49
PHOENIX,132,39,정확,데몬 오브 라플라스,재판독,53:50
PHOENIX,132,40,정확,블루이쉬 로즈,재판독,53:51
PHOENIX,132,41,정확,록시아,재판독,53:52
PHOENIX,132,42,정확,프ㄹi마 마테ㄹi아,재판독,53:53
PHOENIX,132,43,정확,임페리움,재판독,53:54
PHOENIX,132,44,정확,네오 카타르시스,재판독,53:55
PHOENIX,132,45,정확,열정,재판독,53:56
PHOENIX,132,46,정확,초악마황제,재판독,53:57
PHOENIX,132,47,정확,큐리아서티 오버드라이브,재판독,53:58
PHOENIX,132,48,정확,소닉 붐,재판독,53:59
PHOENIX,132,49,정확,메가하츠,재판독,53:59
PHOENIX,132,50,정확,다크사이드 오브 더 마인드,재판독,54:00
PHOENIX,132,51,정확,E.O.N,재판독,54:02
PHOENIX,132,52,정확,카오스 어게인,재판독,54:02
PHOENIX,132,53,정확,솔브 마이 허트,재판독,59:18
PHOENIX,132,54,정확,글리머 글림,재판독,59:17
PHOENIX,132,55,정확,서든 어페어런스 이미지,재판독,59:17
PHOENIX,132,56,정확,데카 댄스,재판독,59:16
PHOENIX,132,57,정확,뉴 로즈,재판독,59:15
PHOENIX,132,58,정확,헤라클레스,재판독,59:15
PHOENIX,132,59,정확,인베이젼,재판독,59:14
PHOENIX,132,60,정확,에렌델,재판독,59:13
PHOENIX,132,61,정확,힘 오브 골든 글로리,재판독,59:12
PHOENIX,132,62,정확,아테나의 방패,재판독,59:12
PHOENIX,132,63,정확,머독 vs 오타다,재판독,59:11
PHOENIX,132,64,정확,위더 가든,재판독,59:10
PHOENIX,132,65,정확,이매저너라이즈드 시티,재판독,59:10
PHOENIX,132,66,정확,크림슨 후드,재판독,59:09
PHOENIX,132,67,정확,도플갱어,재판독,59:08
PHOENIX,132,68,정확,디스트릭트 V,재판독,59:08
PHOENIX,132,69,정확,유포리아닉 - SHORT CUT -,재판독,59:07
PHOENIX,132,70,정확,피닉스 오프닝 - SHORT CUT -,재판독,59:06
PHOENIX,132,71,정확,쥬핀 - SHORT CUT -,재판독,59:06
PHOENIX,132,72,정확,그로스 - SHORT CUT -,재판독,59:05
PHOENIX,132,73,정확,네오 카타르시스 - SHORT CUT -,재판독,59:04
PHOENIX,132,74,정확,힘 오브 골든 글로리 - SHORT CUT -,재판독,59:03
PHOENIX,132,75,정확,할로윈 파티 ~Multiverse~ - SHORT CUT -,재판독,59:03
PHOENIX,132,76,정확,스타드림 -Eurobeat Remix- - SHORT CUT -,재판독,59:02
PHOENIX,132,77,정확,프ㄹi마 마테ㄹi아 - SHORT CUT -,재판독,59:02
PHOENIX,132,78,정확,결투 - SHORT CUT -,재판독,59:02
PHOENIX,132,79,정확,머독 vs 오타다 - SHORT CUT -,재판독,59:00
PHOENIX,132,80,정확,솔브 마이 허트 - SHORT CUT -,재판독,58:59
PHOENIX,132,81,정확,바이너리 스타,재판독,58:59
PHOENIX,132,82,정확,어바웃 더 유니버스,재판독,58:58
PHOENIX,132,83,정확,퍼페츄얼,재판독,58:57
PHOENIX,132,84,정확,댄싱,재판독,58:57
PHOENIX,132,85,정확,갤럭시 컬랩스,재판독,58:56
PHOENIX,132,86,정확,프렉쳐 텀퍼렐르,재판독,58:55
PHOENIX,132,87,정확,카타스트로피,재판독,58:55
PHOENIX,132,88,정확,휴먼 익스팅션 (PIU Edit.),재판독,58:54
PHOENIX,132,89,정확,댓 키티 (PIU Edit.),재판독,58:53
PHOENIX,132,90,정확,언더월드 ft. Skizzo (PIU Edit.),재판독,58:53
PHOENIX,132,91,정확,네이드 네이드,재판독,58:52
PHOENIX,132,92,정확,굿텍,재판독,58:51
PHOENIX,132,93,정확,코스믹 레일로드,재판독,58:50
PHOENIX,132,94,정확,에너지 시너지 매트릭스,재판독,58:50
PHOENIX,132,95,정확,밀크,재판독,58:49
PHOENIX,132,96,정확,어콰이어,재판독,58:48
PHOENIX,132,97,정확,진폐증 ft. Kagamine Len/GUMI,재판독,58:48
PHOENIX,132,98,정확,알테일,재판독,58:47
PHOENIX,132,99,정확,이렐리아,재판독,58:46
PHOENIX,132,100,정확,굿바운스,재판독,58:46
PHOENIX,132,101,정확,앨리스 인 미산트로프,재판독,58:45
PHOENIX,132,102,정확,R.I.P.,재판독,58:44
PHOENIX,132,103,정확,에모모모,재판독,58:43
PHOENIX,132,104,정확,푸파,재판독,58:43
PHOENIX,132,105,정확,스테이저,재판독,58:42
PHOENIX,132,106,정확,러쉬-모어,재판독,58:41
PHOENIX,132,107,정확,러쉬-아워,재판독,58:41
PHOENIX,132,108,정확,* 이 게임은 존재하지 않습니다 *,재판독,58:40
PHOENIX,132,109,정확,마히카,재판독,58:39
PHOENIX,132,110,정확,지젤,재판독,58:39
PHOENIX,132,111,정확,스푸키 마카롱,재판독,58:38
PHOENIX,132,112,정확,아라가미,재판독,58:39
PHOENIX,132,113,정확,할시온,재판독,58:36
PHOENIX,132,114,정확,디스트로0ㅣ어,재판독,58:35
PHOENIX,132,115,정확,빅 대디,재판독,58:35
PHOENIX,132,116,정확,플래시 아웃,재판독,58:36
PHOENIX,132,117,정확,오딘,재판독,58:33
PHOENIX,132,118,정확,비코즈 오브 유,재판독,58:32
PHOENIX,132,119,정확,†도프†센시†,재판독,58:32
PHOENIX,132,120,정확,팝핀 샤워,재판독,58:33
PHOENIX,132,121,정확,브레이크 스루 마이셀프 feat. Risa Yuzuki,재판독,58:30
PHOENIX,132,122,정확,비옐라의 악몽,재판독,58:29
PHOENIX,132,123,정확,쵸빗 플레이버,재판독,58:29
PHOENIX,132,124,정확,얼라이브,재판독,58:30
PHOENIX,132,125,정확,트릭크래쉬 220,재판독,58:27
PHOENIX,132,126,정확,익스트림 음악학원 1교시  feat. Nanahira,재판독,58:26
PHOENIX,132,127,정확,익스트림 음악학원 2교시  feat. Nanahira,재판독,58:25
PHOENIX,132,128,정확,배틀 넘버원,재판독,58:24
PHOENIX,132,129,정확,솔저스 (TANO*C W TEAM RED ANTHEM),재판독,58:24
PHOENIX,132,130,정확,호랑풍류가,재판독,58:25
PHOENIX,132,131,정확,헬리오스피어,재판독,58:22
PHOENIX,132,132,정확,스위트 원더랜드,재판독,58:22
PHOENIX 2,19,1,정확,고민중독,재판독,62:37
PHOENIX 2,19,2,정확,빌려온 고양이,재판독,62:36
PHOENIX 2,19,3,정확,뱅 뱅,재판독,62:36
PHOENIX 2,19,4,정확,404 (뉴 에라),재판독,62:37
PHOENIX 2,19,5,정확,엔조이 더 쇼,재판독,62:39
PHOENIX 2,19,6,정확,응징 레스토랑,재판독,62:40
PHOENIX 2,19,7,정확,블레이저,재판독,62:41
PHOENIX 2,19,8,정확,B3,재판독,62:42
PHOENIX 2,19,9,정확,디기탈리스,재판독,62:43
PHOENIX 2,19,10,정확,더 라스트 리벨리온,재판독,62:44
PHOENIX 2,19,11,정확,오버나이트 플라워,재판독,62:45
PHOENIX 2,19,12,정확,레전더리 도미니언,재판독,62:46
PHOENIX 2,19,13,정확,크래쉬 랜딩 랑데부,재판독,62:49
PHOENIX 2,19,14,정확,콰투오룩스,재판독,62:49
PHOENIX 2,19,15,정확,나이트시어터,재판독,62:50
PHOENIX 2,19,16,정확,인피니트 에너지 -Overdoze-,재판독,62:51
PHOENIX 2,19,17,정확,프리덤 다이브,재판독,62:52
PHOENIX 2,19,18,정확,드림체이서즈,재판독,62:53
PHOENIX 2,19,19,정확,슈퍼☆하라구로☆팝,재판독,62:55
